"","ONTOLOGY","ID","Description","GeneRatio","BgRatio","pvalue","p.adjust","qvalue","geneID","Count"
"GO:0042254","BP","GO:0042254","ribosome biogenesis","92/710","449/29245",1.18706630365016e-57,5.76676810313247e-54,5.25682940995391e-54,"RIOX2/PWP2/PAK1IP1/RCL1/IMP4/NOP16/BMS1/NOL6/RPL27/DIMT1/DDX51/MYBBP1A/UTP25/EBNA1BP2/MPHOSPH10/C1QBP/ABCE1/RSL1D1/UTP14A/DDX18/LYAR/BRIX1/RPL35/NOL11/RRP1B/IMP3/NLE1/URB2/WDR43/KRR1/UTP6/RRP15/BOP1/UTP15/NOM1/NOC4L/NPM1/UTP20/RPF2/PDCD11/NOP2/NIFK/UTP11/RRS1/NOP14/MAK16/USP36/RRP9/FTSJ3/LSG1/WDR36/DDX52/DDX47/BYSL/WDR3/TBL3/URB1/UTP4/EMG1/UTP18/WDR12/NAT10/DCAF13/HEATR3/DDX56/RRP12/UTP3/PES1/NMD3/WDR46/DDX49/HEATR1/RRP1/MRTO4/NOC2L/NOLC1/GEMIN4/MDN1/REXO4/WDR75/NOB1/NIP7/TSR1/AATF/ESF1/YTHDF2/PINX1/EIF2A/DDX21/SLX9/DDX10/NPM3",92
"GO:0006364","BP","GO:0006364","rRNA processing","74/710","321/29245",3.04230560457707e-50,7.38976031351771e-47,6.73630509392408e-47,"PWP2/RCL1/IMP4/BMS1/NOL6/RPL27/DIMT1/DDX51/UTP25/EBNA1BP2/MPHOSPH10/RSL1D1/UTP14A/DDX18/LYAR/BRIX1/RPL35/NOL11/RRP1B/IMP3/WDR43/KRR1/UTP6/RRP15/BOP1/UTP15/NOC4L/UTP20/RPF2/PDCD11/NOP2/NIFK/UTP11/RRS1/NOP14/MAK16/USP36/RRP9/FTSJ3/WDR36/DDX52/DDX47/BYSL/WDR3/TBL3/URB1/UTP4/EMG1/UTP18/WDR12/NAT10/DCAF13/DDX56/RRP12/UTP3/PES1/WDR46/DDX49/HEATR1/RRP1/MRTO4/NOLC1/GEMIN4/MDN1/REXO4/WDR75/NOB1/TSR1/ESF1/YTHDF2/DDX21/SLX9/DDX10/NPM3",74
"GO:0016072","BP","GO:0016072","rRNA metabolic process","78/710","397/29245",2.00241072183509e-47,3.24257042889163e-44,2.95583926552991e-44,"NCL/PWP2/RCL1/IMP4/BMS1/NOL6/RPL27/DIMT1/DDX51/UTP25/EBNA1BP2/MPHOSPH10/POLR1B/RSL1D1/UTP14A/DDX18/LYAR/BRIX1/RPL35/NOL11/RRP1B/IMP3/WDR43/KRR1/UTP6/RRP15/BOP1/UTP15/NOC4L/UTP20/RPF2/POLR1G/PDCD11/NOP2/NIFK/UTP11/RRS1/NOP14/MAK16/USP36/RRP9/FTSJ3/WDR36/DDX52/DDX47/BYSL/WDR3/TBL3/URB1/UTP4/EMG1/UTP18/WDR12/NAT10/DCAF13/DDX56/RRP12/UTP3/PES1/WDR46/DDX49/POLR1E/HEATR1/RRP1/MRTO4/NOLC1/GEMIN4/MDN1/REXO4/WDR75/NOB1/TSR1/ESF1/YTHDF2/DDX21/SLX9/DDX10/NPM3",78
"GO:0030490","BP","GO:0030490","maturation of SSU-rRNA","23/710","71/29245",4.52286645792534e-20,5.49302131315033e-17,5.00728926012945e-17,"PWP2/RCL1/BMS1/UTP25/NOL11/WDR43/UTP6/UTP20/RRS1/NOP14/DDX52/BYSL/WDR3/TBL3/UTP4/NAT10/DCAF13/UTP3/WDR46/HEATR1/NOB1/TSR1/SLX9",23
"GO:0042274","BP","GO:0042274","ribosomal small subunit biogenesis","26/710","104/29245",2.51066643815698e-19,2.43936351131332e-16,2.22365762217398e-16,"PWP2/RCL1/BMS1/UTP25/NOL11/WDR43/UTP6/NOM1/NPM1/UTP20/RRS1/NOP14/DDX52/BYSL/WDR3/TBL3/UTP4/EMG1/NAT10/DCAF13/UTP3/WDR46/HEATR1/NOB1/TSR1/SLX9",26
"GO:0042273","BP","GO:0042273","ribosomal large subunit biogenesis","25/710","114/29245",3.67245393667509e-17,2.9734635373946e-14,2.71052872133195e-14,"PAK1IP1/NOP16/EBNA1BP2/RSL1D1/DDX18/BRIX1/RPL35/NLE1/RRP15/BOP1/NPM1/RPF2/NOP2/NIFK/RRS1/MAK16/FTSJ3/URB1/WDR12/HEATR3/PES1/MRTO4/NOC2L/MDN1/NIP7",25
"GO:0000462","BP","GO:0000462","maturation of SSU-rRNA from tricistronic rRNA transcript (SSU-rRNA, 5.8S rRNA, LSU-rRNA)","18/710","52/29245",1.37079432821447e-16,9.5133126378084e-14,8.67207780270416e-14,"PWP2/RCL1/BMS1/UTP25/WDR43/UTP6/UTP20/RRS1/NOP14/BYSL/TBL3/UTP4/DCAF13/UTP3/WDR46/HEATR1/TSR1/SLX9",18
"GO:0000470","BP","GO:0000470","maturation of LSU-rRNA","13/710","42/29245",1.21920095705338e-11,7.40359781170667e-09,6.74891898200471e-09,"RSL1D1/DDX18/RPL35/RRP15/BOP1/RPF2/NOP2/NIFK/MAK16/FTSJ3/URB1/WDR12/PES1",13
"GO:0000463","BP","GO:0000463","maturation of LSU-rRNA from tricistronic rRNA transcript (SSU-rRNA, 5.8S rRNA, LSU-rRNA)","9/710","24/29245",2.62910665991439e-09,1.41913335042934e-06,1.29364347581986e-06,"DDX18/RPL35/BOP1/RPF2/NIFK/FTSJ3/URB1/WDR12/PES1",9
"GO:0000478","BP","GO:0000478","endonucleolytic cleavage involved in rRNA processing","8/710","20/29245",1.12945609690211e-08,4.98808883522769e-06,4.54700650685855e-06,"RCL1/BMS1/BOP1/UTP20/RRS1/NOP14/TBL3/TSR1",8
"GO:0000479","BP","GO:0000479","endonucleolytic cleavage of tricistronic rRNA transcript (SSU-rRNA, 5.8S rRNA, LSU-rRNA)","8/710","20/29245",1.12945609690211e-08,4.98808883522769e-06,4.54700650685855e-06,"RCL1/BMS1/BOP1/UTP20/RRS1/NOP14/TBL3/TSR1",8
"GO:0006261","BP","GO:0006261","DNA-templated DNA replication","25/710","295/29245",7.56391149242518e-08,3.06212350251679e-05,2.79134874110813e-05,"HMGA1/SAMHD1/NOC3L/POLD2/MCMBP/BLM/DDX21/BAZ1A/POLD3/POLD1/PRIM1/POLA2/LIG1/RRM1/MCM5/CDK2/POLA1/MCM3/MCM7/MCM2/MCM4/MCM6/WDHD1/GINS4/PRIM2",25
"GO:0000460","BP","GO:0000460","maturation of 5.8S rRNA","11/710","56/29245",8.81749379977551e-08,3.29502960610073e-05,3.00365962879802e-05,"RCL1/RRP15/BOP1/UTP20/RRS1/NOP14/MAK16/FTSJ3/URB1/WDR12/PES1",11
"GO:0042255","BP","GO:0042255","ribosome assembly","13/710","92/29245",3.50231477216521e-07,0.000121530322594133,0.000110783746214279,"PWP2/C1QBP/BRIX1/NLE1/BOP1/NPM1/RPF2/NOP2/RRS1/MRTO4/MDN1/NIP7/EIF2A",13
"GO:0006270","BP","GO:0006270","DNA replication initiation","12/710","79/29245",4.42724521518939e-07,0.000139172610024541,0.000126865976982784,"NOC3L/PRIM1/POLA2/MCM5/CDK2/POLA1/MCM3/MCM7/MCM2/MCM4/MCM6/PRIM2",12
"GO:0000466","BP","GO:0000466","maturation of 5.8S rRNA from tricistronic rRNA transcript (SSU-rRNA, 5.8S rRNA, LSU-rRNA)","9/710","41/29245",4.870181906993e-07,0.000139172610024541,0.000126865976982784,"RCL1/BOP1/UTP20/RRS1/NOP14/FTSJ3/URB1/WDR12/PES1",9
"GO:0000469","BP","GO:0000469","cleavage involved in rRNA processing","9/710","41/29245",4.870181906993e-07,0.000139172610024541,0.000126865976982784,"RCL1/BMS1/BOP1/UTP20/RRS1/NOP14/TBL3/NOB1/TSR1",9
"GO:0000727","BP","GO:0000727","double-strand break repair via break-induced replication","7/710","22/29245",5.99107502105131e-07,0.000161692458068151,0.000147394459728438,"MCM5/MCM3/MCM7/MCM2/MCM4/MCM6/GINS4",7
"GO:0006268","BP","GO:0006268","DNA unwinding involved in DNA replication","9/710","44/29245",9.23475002068059e-07,0.000236117976844559,0.000215238744249325,"HMGA1/BLM/MCM5/MCM3/MCM7/MCM2/MCM4/MCM6/GINS4",9
"GO:2000232","BP","GO:2000232","regulation of rRNA processing","7/710","24/29245",1.1654639186161e-06,0.00028309118583185,0.000258058247664101,"DIMT1/WDR43/UTP15/USP36/HEATR1/WDR75/YTHDF2",7
"GO:0006271","BP","GO:0006271","DNA strand elongation involved in DNA replication","7/710","28/29245",3.66390086450274e-06,0.00080905592726156,0.000737513441959954,"POLD2/POLD3/LIG1/POLA1/MCM3/MCM7/MCM4",7
"GO:0033631","BP","GO:0033631","cell-cell adhesion mediated by integrin","7/710","28/29245",3.66390086450274e-06,0.00080905592726156,0.000737513441959954,"SKAP1/CD3E/ITGB1/ADA/DPP4/ITGA4/CCL5",7
"GO:0071103","BP","GO:0071103","DNA conformation change","17/710","195/29245",6.18615115455779e-06,0.00130662270908008,0.0011910818264176,"HMGA1/ANXA1/HMGB2/TOP1/CHD1/G3BP1/HMGB3/BLM/MCM5/MCM3/ERCC6L/MCM7/MCM2/MCM4/MCM6/TOP2A/GINS4",17
"GO:0008154","BP","GO:0008154","actin polymerization or depolymerization","24/710","354/29245",7.16949022588123e-06,0.00145122431322213,0.00132289672720537,"ADD3/ARPC5/CFL1/PTK2B/EVL/CORO1A/HCLS1/MICAL1/COTL1/SH3BP1/ARPC3/CORO7/NCK1/WIPF1/PSTPIP1/PLEK/SNX9/WAS/PYCARD/CAPG/PREX1/DBN1/ARHGAP18/LIMA1",24
"GO:0000027","BP","GO:0000027","ribosomal large subunit assembly","8/710","43/29245",7.93911779574667e-06,0.00148871237373821,0.00135706982650791,"BRIX1/NLE1/BOP1/RPF2/NOP2/RRS1/MRTO4/MDN1",8
"GO:1902570","BP","GO:1902570","protein localization to nucleolus","6/710","21/29245",7.96758372111847e-06,0.00148871237373821,0.00135706982650791,"UTP25/RPF2/RRS1/BYSL/NMD3/PINX1",6
"GO:0032392","BP","GO:0032392","DNA geometric change","16/710","179/29245",8.39598652485358e-06,0.00151065564954588,0.00137707272163973,"HMGA1/ANXA1/HMGB2/CHD1/G3BP1/HMGB3/BLM/MCM5/MCM3/ERCC6L/MCM7/MCM2/MCM4/MCM6/TOP2A/GINS4",16
"GO:0042113","BP","GO:0042113","B cell activation","28/710","458/29245",9.04761275034719e-06,0.00156976081218524,0.00143095138498912,"ATM/SH3KBP1/PIK3CD/PTK2B/INPP5D/TBC1D10C/ZAP70/PTPRC/SASH3/PLCG2/ITGB1/BAX/IRF2BP2/ADA/SKAP2/BAK1/HMGB3/HSPD1/TNFAIP3/CASP3/LGALS1/MSH6/ITGA4/RIF1/CD74/CD38/CTPS1/TFRC",28
"GO:0043368","BP","GO:0043368","positive T cell selection","10/710","73/29245",1.04572746255627e-05,0.00175177379762013,0.00159686948637904,"CD3G/CD3D/CD3E/ZAP70/SPN/PTPRC/THEMIS/STAT3/CD74/IRF4",10
"GO:0009124","BP","GO:0009124","nucleoside monophosphate biosynthetic process","11/710","92/29245",1.44361863811073e-05,0.00233769978131397,0.00213098372299362,"UPP1/DCK/ADA/TYMS/PFAS/GART/CAD/IMPDH2/DUT/PAICS/TK1",11
"GO:0033627","BP","GO:0033627","cell adhesion mediated by integrin","15/710","170/29245",1.86133758849414e-05,0.00291689613061437,0.00265896340740063,"SKAP1/CD3E/CIB1/ITGAM/LPXN/ITGB1/ITGB7/ADA/DPP4/ITGB2/ITGAL/ITGA4/CCL5/ICAM1/VTN",15
"GO:0050851","BP","GO:0050851","antigen receptor-mediated signaling pathway","22/710","332/29245",2.42310658880144e-05,0.00367857869012418,0.0033532925720683,"DGKZ/FYB1/CD247/SKAP1/PIK3CD/INPP5D/ZAP70/LIME1/PTPRC/THEMIS/MAPK1/PRKCH/LCK/PLCG2/LCP2/LPXN/SH2D1A/BAX/ADA/CD8A/LGALS3/CD38",22
"GO:0009112","BP","GO:0009112","nucleobase metabolic process","9/710","65/29245",2.64518121371304e-05,0.0038940273746115,0.0035496897499492,"DPYD/MAPK1/ADA/TYMS/GART/CAD/CTPS1/PAICS/SHMT2",9
"GO:2000234","BP","GO:2000234","positive regulation of rRNA processing","5/710","16/29245",2.90835845242174e-05,0.00415553098878377,0.0037880693527363,"DIMT1/WDR43/UTP15/HEATR1/WDR75",5
"GO:0009123","BP","GO:0009123","nucleoside monophosphate metabolic process","14/710","159/29245",3.58831037497482e-05,0.00498057480046505,0.00454015691654709,"DPYD/UPP1/DCK/ADA/TYMS/PFAS/GART/CAD/IMPDH2/AK6/DUT/PAICS/AK4/TK1",14
"GO:0072678","BP","GO:0072678","T cell migration","12/710","123/29245",4.7142785263582e-05,0.00596132287253678,0.00543418026148128,"RIPOR2/PIK3CD/ZAP70/SPN/ADAM10/PYCARD/ITGB7/MYO1G/ITGAL/ITGA4/CCL5/ICAM1",12
"GO:0050852","BP","GO:0050852","T cell receptor signaling pathway","18/710","251/29245",4.72744741533902e-05,0.00596132287253678,0.00543418026148128,"DGKZ/FYB1/CD247/SKAP1/PIK3CD/INPP5D/ZAP70/LIME1/PTPRC/THEMIS/MAPK1/LCK/PLCG2/LCP2/SH2D1A/ADA/CD8A/LGALS3",18
"GO:0045059","BP","GO:0045059","positive thymic T cell selection","6/710","28/29245",4.78574705699742e-05,0.00596132287253678,0.00543418026148128,"CD3G/CD3D/CD3E/ZAP70/PTPRC/CD74",6
"GO:1902969","BP","GO:1902969","mitotic DNA replication","6/710","28/29245",4.78574705699742e-05,0.00596132287253678,0.00543418026148128,"LIG1/POLA1/MCM3/MCM2/MCM4/MCM6",6
"GO:0009394","BP","GO:0009394","2'-deoxyribonucleotide metabolic process","10/710","87/29245",4.96699201211964e-05,0.00603241179871931,0.00549898299868088,"DPYD/SAMHD1/UPP1/DCK/ADA/TYMS/DUT/DCTPP1/RRM1/RRM2",10
"GO:1901293","BP","GO:1901293","nucleoside phosphate biosynthetic process","27/710","478/29245",5.14410370475742e-05,0.00609513556041745,0.00555616027879704,"NAPRT/PARP10/PPT1/UPP1/DCK/NADSYN1/ACSL5/ACSS1/ADA/TYMS/PFAS/GART/CAD/GARS1/NME1/IMPDH2/AK6/DUT/CTPS1/ACACA/PAICS/ACSL4/RRM1/NAMPT/AK4/RRM2/TK1",27
"GO:0009262","BP","GO:0009262","deoxyribonucleotide metabolic process","10/710","89/29245",6.04501923671337e-05,0.00699207225046513,0.00637378344081532,"DPYD/SAMHD1/UPP1/DCK/ADA/TYMS/DUT/DCTPP1/RRM1/RRM2",10
"GO:0000480","BP","GO:0000480","endonucleolytic cleavage in 5'-ETS of tricistronic rRNA transcript (SSU-rRNA, 5.8S rRNA, LSU-rRNA)","4/710","10/29245",6.43780318296641e-05,0.00702796397490624,0.00640650136344403,"RCL1/UTP20/NOP14/TBL3",4
"GO:0006269","BP","GO:0006269","DNA replication, synthesis of RNA primer","4/710","10/29245",6.43780318296641e-05,0.00702796397490624,0.00640650136344403,"PRIM1/POLA2/POLA1/PRIM2",4
"GO:0002285","BP","GO:0002285","lymphocyte activation involved in immune response","22/710","355/29245",6.59801862686879e-05,0.00702796397490624,0.00640650136344403,"ANXA1/HLA-F/PTK2B/CORO1A/APBB1IP/SPN/PTPRC/LAMP1/PLCG2/ADA/STAT3/LGALS3/HSPD1/ITGAL/LGALS1/MSH6/RIF1/CD74/HLA-DRA/ICAM1/IRF4/TFRC",22
"GO:0019692","BP","GO:0019692","deoxyribose phosphate metabolic process","10/710","90/29245",6.65472093136449e-05,0.00702796397490624,0.00640650136344403,"DPYD/SAMHD1/UPP1/DCK/ADA/TYMS/DUT/DCTPP1/RRM1/RRM2",10
"GO:0032508","BP","GO:0032508","DNA duplex unwinding","14/710","170/29245",7.46093033273904e-05,0.00771174458647793,0.00702981722504662,"HMGA1/ANXA1/CHD1/G3BP1/BLM/MCM5/MCM3/ERCC6L/MCM7/MCM2/MCM4/MCM6/TOP2A/GINS4",14
"GO:0071674","BP","GO:0071674","mononuclear cell migration","21/710","338/29245",9.25212994851637e-05,0.00936392651872761,0.00853590146785272,"RIPOR2/ANXA1/PIK3CD/PTK2B/ZAP70/SPN/CDC42/STK10/MAPK1/ADAM10/PYCARD/PECAM1/C1QBP/ITGB7/MYO1G/LGALS3/ITGAL/ITGA4/CCL5/ICAM1/JAML",21
"GO:0045943","BP","GO:0045943","positive regulation of transcription by RNA polymerase I","7/710","45/29245",9.81687536494013e-05,0.00973273071895493,0.00887209337493085,"NCL/LYAR/NOL11/WDR43/UTP15/HEATR1/WDR75",7
"GO:0009165","BP","GO:0009165","nucleotide biosynthetic process","26/710","475/29245",0.000116944175306517,0.0113622960727812,0.0103575609582004,"NAPRT/PARP10/PPT1/UPP1/DCK/NADSYN1/ACSL5/ACSS1/ADA/TYMS/PFAS/GART/CAD/GARS1/NME1/IMPDH2/AK6/DUT/CTPS1/ACACA/PAICS/ACSL4/RRM1/NAMPT/AK4/RRM2",26
"GO:0033632","BP","GO:0033632","regulation of cell-cell adhesion mediated by integrin","5/710","21/29245",0.000122508194904334,0.011416456356038,0.0104069320036081,"SKAP1/CD3E/ADA/DPP4/CCL5",5
"GO:0043383","BP","GO:0043383","negative T cell selection","5/710","21/29245",0.000122508194904334,0.011416456356038,0.0104069320036081,"CD3E/ZAP70/PTPRC/THEMIS/CD74",5
"GO:0006360","BP","GO:0006360","transcription by RNA polymerase I","10/710","97/29245",0.000125706602957549,0.011416456356038,0.0104069320036081,"NCL/LYAR/NOL11/WDR43/POLR1C/UTP15/POLR1G/POLR1E/HEATR1/WDR75",10
"GO:0007097","BP","GO:0007097","nuclear migration","6/710","33/29245",0.000126901738004539,0.011416456356038,0.0104069320036081,"SUN2/SYNE2/CDC42/SLC9A3R1/PCM1/NUDC",6
"GO:0070663","BP","GO:0070663","regulation of leukocyte proliferation","26/710","482/29245",0.000147518428379156,0.0130299004557443,0.011877703888825,"ATM/ANXA1/RAC2/PRKAR1A/CORO1A/INPP5D/CD3E/ZAP70/SPN/NCK1/PTPRC/SASH3/MAPK1/PRKCQ/PYCARD/ADA/CD55/LGALS3/TNFAIP3/SOS1/CASP3/DHPS/CD74/CD38/CCL5/TFRC",26
"GO:0034341","BP","GO:0034341","response to interferon-gamma","17/710","252/29245",0.000159632954294499,0.0138481587850478,0.0126236059909202,"FLNB/SHFL/ZYX/ACTR2/JAK1/VPS26B/NUB1/CASP1/CDC42/VIM/WAS/PARP14/GBP2/CD74/HSP90AB1/GBP5/CCL5",17
"GO:0008064","BP","GO:0008064","regulation of actin polymerization or depolymerization","18/710","278/29245",0.000172883156626367,0.0145610865885874,0.0132734916422585,"ADD3/ARPC5/PTK2B/EVL/CORO1A/HCLS1/COTL1/SH3BP1/ARPC3/NCK1/PLEK/SNX9/WAS/PYCARD/CAPG/DBN1/ARHGAP18/LIMA1",18
"GO:0071887","BP","GO:0071887","leukocyte apoptotic process","16/710","230/29245",0.000173845825882682,0.0145610865885874,0.0132734916422585,"ANXA1/GIMAP8/PIK3CD/CD3G/HCLS1/PRKCQ/BAX/ADA/PLEKHO2/BAK1/NOC2L/LGALS3/CASP3/CD74/CCL5/AURKB",16
"GO:0090502","BP","GO:0090502","RNA phosphodiester bond hydrolysis, endonucleolytic","11/710","121/29245",0.000182007551136134,0.0149863166681244,0.0136611198506639,"RCL1/BMS1/RIDA/BOP1/UTP20/RRS1/NOP14/TBL3/NOB1/TSR1/PRORP",11
"GO:0045058","BP","GO:0045058","T cell selection","10/710","102/29245",0.000191072246977282,0.0154240989058735,0.0140601902660852,"CD3G/CD3D/CD3E/ZAP70/SPN/PTPRC/THEMIS/STAT3/CD74/IRF4",10
"GO:1901796","BP","GO:1901796","regulation of signal transduction by p53 class mediator","14/710","186/29245",0.000193674358431099,0.0154240989058735,0.0140601902660852,"ATM/MAP2K6/PAK1IP1/URB2/BOP1/RPF2/NOP2/RRS1/PYHIN1/PRMT5/CHEK1/CD74/AURKB/AURKA",14
"GO:0030832","BP","GO:0030832","regulation of actin filament length","18/710","281/29245",0.000197332687019956,0.0154561386055442,0.0140893967873989,"ADD3/ARPC5/PTK2B/EVL/CORO1A/HCLS1/COTL1/SH3BP1/ARPC3/NCK1/PLEK/SNX9/WAS/PYCARD/CAPG/DBN1/ARHGAP18/LIMA1",18
"GO:1902292","BP","GO:1902292","cell cycle DNA replication initiation","4/710","13/29245",0.000206803007278793,0.0154561386055442,0.0140893967873989,"POLA1/MCM3/MCM2/MCM4",4
"GO:1902315","BP","GO:1902315","nuclear cell cycle DNA replication initiation","4/710","13/29245",0.000206803007278793,0.0154561386055442,0.0140893967873989,"POLA1/MCM3/MCM2/MCM4",4
"GO:1902975","BP","GO:1902975","mitotic DNA replication initiation","4/710","13/29245",0.000206803007278793,0.0154561386055442,0.0140893967873989,"POLA1/MCM3/MCM2/MCM4",4
"GO:0008652","BP","GO:0008652","cellular amino acid biosynthetic process","12/710","144/29245",0.000214266143455236,0.0157712867409929,0.0143766772809597,"DPYD/ATP2B4/OAT/CAD/PSPH/PYCR2/PHGDH/SHMT2/PSAT1/ASNS/PYCR1/DHFR",12
"GO:0009162","BP","GO:0009162","deoxyribonucleoside monophosphate metabolic process","7/710","51/29245",0.000220845054009065,0.0158602091162253,0.0144577365066758,"DPYD/UPP1/DCK/ADA/TYMS/DUT/TK1",7
"GO:1903900","BP","GO:1903900","regulation of viral life cycle","16/710","235/29245",0.000222003750494713,0.0158602091162253,0.0144577365066758,"SHFL/TRIM22/PARP10/OAS3/TRIM26/LARP1/PPID/SRPK1/STAU1/APOBEC3G/LGALS1/OASL/CD74/CCL5/TOP2A/KPNA2",16
"GO:0007229","BP","GO:0007229","integrin-mediated signaling pathway","15/710","212/29245",0.000228511017434563,0.0159415651198969,0.0145318984332748,"FYB1/ZYX/PTK2B/ITGAM/CDC42/PLEK/ADAM10/CCM2/TLN1/ITGB1/ITGB7/ITGB2/ITGAL/ITGA4/CTNNA1",15
"GO:0050670","BP","GO:0050670","regulation of lymphocyte proliferation","24/710","441/29245",0.000229705549278054,0.0159415651198969,0.0145318984332748,"ATM/ANXA1/RAC2/PRKAR1A/CORO1A/INPP5D/CD3E/ZAP70/SPN/NCK1/PTPRC/SASH3/PRKCQ/PYCARD/ADA/CD55/LGALS3/SOS1/CASP3/DHPS/CD74/CD38/CCL5/TFRC",24
"GO:0000054","BP","GO:0000054","ribosomal subunit export from nucleus","5/710","24/29245",0.000240918022093705,0.0162552743240447,0.014817867236085,"ABCE1/NPM1/RRS1/LSG1/NMD3",5
"GO:0033750","BP","GO:0033750","ribosome localization","5/710","24/29245",0.000240918022093705,0.0162552743240447,0.014817867236085,"ABCE1/NPM1/RRS1/LSG1/NMD3",5
"GO:0006997","BP","GO:0006997","nucleus organization","17/710","262/29245",0.0002528995649561,0.0167288434977872,0.0152495600518278,"SYNE1/SUN2/LMNB1/VPS4B/SELENOF/LMNA/HMGB2/POLR1B/SERBP1/USP36/EMG1/KDM3A/NOLC1/SRPK1/ANKLE2/CHEK1/CDK1",17
"GO:0072676","BP","GO:0072676","lymphocyte migration","14/710","191/29245",0.000254823882016519,0.0167288434977872,0.0152495600518278,"RIPOR2/PIK3CD/PTK2B/ZAP70/SPN/STK10/ADAM10/PYCARD/ITGB7/MYO1G/ITGAL/ITGA4/CCL5/ICAM1",14
"GO:1901607","BP","GO:1901607","alpha-amino acid biosynthetic process","11/710","126/29245",0.000259752854226213,0.0167598110404788,0.0152777892239159,"ATP2B4/OAT/CAD/PSPH/PYCR2/PHGDH/SHMT2/PSAT1/ASNS/PYCR1/DHFR",11
"GO:0032944","BP","GO:0032944","regulation of mononuclear cell proliferation","24/710","445/29245",0.000262195479431122,0.0167598110404788,0.0152777892239159,"ATM/ANXA1/RAC2/PRKAR1A/CORO1A/INPP5D/CD3E/ZAP70/SPN/NCK1/PTPRC/SASH3/PRKCQ/PYCARD/ADA/CD55/LGALS3/SOS1/CASP3/DHPS/CD74/CD38/CCL5/TFRC",24
"GO:0006760","BP","GO:0006760","folic acid-containing compound metabolic process","7/710","53/29245",0.000281975157452146,0.017462514367695,0.0159183545199222,"TYMS/GGH/GART/MTHFD1L/SHMT2/MTHFD2/DHFR",7
"GO:0002456","BP","GO:0002456","T cell mediated immunity","14/710","193/29245",0.000283563597304203,0.017462514367695,0.0159183545199222,"PRF1/HLA-F/PTPRC/SASH3/WAS/STX7/CTSC/CD55/MYO1G/CD8A/GZMM/HSPD1/HLA-DRA/ICAM1",14
"GO:0000447","BP","GO:0000447","endonucleolytic cleavage in ITS1 to separate SSU-rRNA from 5.8S rRNA and LSU-rRNA from tricistronic rRNA transcript (SSU-rRNA, 5.8S rRNA, LSU-rRNA)","4/710","14/29245",0.000283972547354447,0.017462514367695,0.0159183545199222,"RCL1/UTP20/RRS1/NOP14",4
"GO:0009069","BP","GO:0009069","serine family amino acid metabolic process","8/710","70/29245",0.000290852986805611,0.0176620476237707,0.0161002436248843,"RIDA/GART/PSPH/MPST/PHGDH/SHMT2/PSAT1/DHFR",8
"GO:0022618","BP","GO:0022618","ribonucleoprotein complex assembly","18/710","291/29245",0.000302000416707945,0.0181125682020642,0.0165109259660861,"ATM/PWP2/CLNS1A/BRIX1/NLE1/BOP1/RPF2/NOP2/RRS1/GEMIN5/MRTO4/GEMIN4/DDX20/PRMT5/SRPK1/MDN1/CELF1/HSP90AB1",18
"GO:0002705","BP","GO:0002705","positive regulation of leukocyte mediated immunity","16/710","244/29245",0.000338225476242024,0.020037797116875,0.0182659124332502,"HLA-F/DDX58/PTPRC/ITGAM/SASH3/LAMP1/PLCG2/STX7/SH2D1A/CD55/ITGB2/HSPD1/RIF1/DDX21/HLA-DRA/TFRC",16
"GO:2000106","BP","GO:2000106","regulation of leukocyte apoptotic process","13/710","174/29245",0.000348219561534356,0.0203813328907699,0.0185790703281552,"ANXA1/GIMAP8/PIK3CD/CD3G/HCLS1/PRKCQ/BAX/ADA/NOC2L/LGALS3/CD74/CCL5/AURKB",13
"GO:0007172","BP","GO:0007172","signal complex assembly","4/710","15/29245",0.00037981617485207,0.0207851815475614,0.0189472078114431,"PXN/PTK2B/CD3E/NCK1",4
"GO:0009204","BP","GO:0009204","deoxyribonucleoside triphosphate catabolic process","4/710","15/29245",0.00037981617485207,0.0207851815475614,0.0189472078114431,"SAMHD1/ADA/DUT/DCTPP1",4
"GO:0071897","BP","GO:0071897","DNA biosynthetic process","21/710","375/29245",0.000380315887256515,0.0207851815475614,0.0189472078114431,"ATM/PTK2B/PARP10/MAPK1/RGCC/PRKCQ/NAT10/DNAJC2/NIBAN2/TYMS/POLD2/PINX1/CHEK1/HSP90AB1/POLD3/POLD1/LIG1/POLA1/AURKB/TK1/GINS4",21
"GO:0070228","BP","GO:0070228","regulation of lymphocyte apoptotic process","10/710","111/29245",0.000380617825580683,0.0207851815475614,0.0189472078114431,"GIMAP8/CD3G/PRKCQ/BAX/ADA/NOC2L/LGALS3/CD74/CCL5/AURKB",10
"GO:0046112","BP","GO:0046112","nucleobase biosynthetic process","6/710","40/29245",0.000380790687059071,0.0207851815475614,0.0189472078114431,"ADA/GART/CAD/CTPS1/PAICS/SHMT2",6
"GO:0046653","BP","GO:0046653","tetrahydrofolate metabolic process","6/710","40/29245",0.000380790687059071,0.0207851815475614,0.0189472078114431,"TYMS/GART/MTHFD1L/SHMT2/MTHFD2/DHFR",6
"GO:0045727","BP","GO:0045727","positive regulation of translation","16/710","248/29245",0.000404779369885106,0.0217308299084035,0.019809235211513,"PTK2B/NCK1/VIM/C1QBP/NPM1/LARP1/TRMT10C/NAT10/CSDE1/NIBAN1/EIF4G1/YTHDF2/YBX1/CDC123/LARP4/CCL5",16
"GO:0050792","BP","GO:0050792","regulation of viral process","17/710","273/29245",0.000407061655344734,0.0217308299084035,0.019809235211513,"SHFL/TRIM22/PARP10/OAS3/TRIM26/LARP1/PPID/SRPK1/STAU1/APOBEC3G/LGALS1/OASL/STOM/CD74/CCL5/TOP2A/KPNA2",17
"GO:0006544","BP","GO:0006544","glycine metabolic process","5/710","27/29245",0.000430863930452074,0.0226950945105201,0.0206882326722624,"RIDA/GART/PHGDH/SHMT2/DHFR",5
"GO:0032069","BP","GO:0032069","regulation of nuclease activity","6/710","41/29245",0.000437000831836945,0.0226950945105201,0.0206882326722624,"OAS3/HMGB2/ABCE1/NPM1/OASL/GZMA",6
"GO:0050853","BP","GO:0050853","B cell receptor signaling pathway","10/710","113/29245",0.00043913933387997,0.0226950945105201,0.0206882326722624,"PIK3CD/LIME1/PTPRC/MAPK1/PRKCH/LCK/PLCG2/LPXN/BAX/CD38",10
"GO:0030041","BP","GO:0030041","actin filament polymerization","18/710","302/29245",0.000469997037540792,0.0238920787330256,0.0217793710276785,"ADD3/ARPC5/PTK2B/EVL/CORO1A/HCLS1/COTL1/ARPC3/CORO7/NCK1/PSTPIP1/SNX9/WAS/PYCARD/CAPG/PREX1/DBN1/ARHGAP18",18
"GO:0002429","BP","GO:0002429","immune response-activating cell surface receptor signaling pathway","23/710","437/29245",0.000490196794474055,0.0238920787330256,0.0217793710276785,"DGKZ/FYB1/CD247/SKAP1/PIK3CD/INPP5D/ZAP70/LIME1/PTPRC/THEMIS/MAPK1/PRKCH/LCK/PLCG2/LCP2/LPXN/SH2D1A/BAX/ADA/MYO1G/CD8A/LGALS3/CD38",23
"GO:0002757","BP","GO:0002757","immune response-activating signal transduction","23/710","437/29245",0.000490196794474055,0.0238920787330256,0.0217793710276785,"DGKZ/FYB1/CD247/SKAP1/PIK3CD/INPP5D/ZAP70/LIME1/PTPRC/THEMIS/MAPK1/PRKCH/LCK/PLCG2/LCP2/LPXN/SH2D1A/BAX/ADA/MYO1G/CD8A/LGALS3/CD38",23
"GO:0001782","BP","GO:0001782","B cell homeostasis","7/710","58/29245",0.000495427434963834,0.0238920787330256,0.0217793710276785,"BAX/ADA/BAK1/TNFAIP3/SOS1/CASP3/CD74",7
"GO:0097292","BP","GO:0097292","XMP metabolic process","4/710","16/29245",0.000496727038294687,0.0238920787330256,0.0217793710276785,"PFAS/GART/IMPDH2/PAICS",4
"GO:0097293","BP","GO:0097293","XMP biosynthetic process","4/710","16/29245",0.000496727038294687,0.0238920787330256,0.0217793710276785,"PFAS/GART/IMPDH2/PAICS",4
"GO:0097294","BP","GO:0097294","'de novo' XMP biosynthetic process","4/710","16/29245",0.000496727038294687,0.0238920787330256,0.0217793710276785,"PFAS/GART/IMPDH2/PAICS",4
"GO:0006206","BP","GO:0006206","pyrimidine nucleobase metabolic process","5/710","28/29245",0.000514126204339485,0.0244865205949139,0.0223212481079073,"DPYD/MAPK1/TYMS/CAD/CTPS1",5
"GO:0048524","BP","GO:0048524","positive regulation of viral process","10/710","116/29245",0.000540794569744497,0.0255066021341628,0.0232511267748094,"LARP1/PPID/SRPK1/STAU1/LGALS1/STOM/CD74/CCL5/TOP2A/KPNA2",10
"GO:0009147","BP","GO:0009147","pyrimidine nucleoside triphosphate metabolic process","6/710","43/29245",0.000568681451567892,0.0263109951592078,0.0239843896415651,"TYMS/CAD/NME1/DUT/CTPS1/DCTPP1",6
"GO:0045061","BP","GO:0045061","thymic T cell selection","6/710","43/29245",0.000568681451567892,0.0263109951592078,0.0239843896415651,"CD3G/CD3D/CD3E/ZAP70/PTPRC/CD74",6
"GO:0071826","BP","GO:0071826","ribonucleoprotein complex subunit organization","18/710","308/29245",0.000591875078726616,0.0271257465325839,0.0247270948977445,"ATM/PWP2/CLNS1A/BRIX1/NLE1/BOP1/RPF2/NOP2/RRS1/GEMIN5/MRTO4/GEMIN4/DDX20/PRMT5/SRPK1/MDN1/CELF1/HSP90AB1",18
"GO:0034471","BP","GO:0034471","ncRNA 5'-end processing","5/710","29/29245",0.000608921572741133,0.0274537482948268,0.0250260924089048,"UTP20/NOP14/TBL3/TRMT10C/PRORP",5
"GO:0006356","BP","GO:0006356","regulation of transcription by RNA polymerase I","7/710","60/29245",0.000610334461885817,0.0274537482948268,0.0250260924089048,"NCL/LYAR/NOL11/WDR43/UTP15/HEATR1/WDR75",7
"GO:0009411","BP","GO:0009411","response to UV","17/710","284/29245",0.000636428836714161,0.0279855380268514,0.0255108575066551,"PIK3R1/CAT/PRKAA1/H2AW/BAX/NPM1/BAK1/CASP7/PPID/NOC2L/CASP3/MSH6/CHEK1/POLD3/POLD1/PBK/AURKB",17
"GO:0060700","BP","GO:0060700","regulation of ribonuclease activity","4/710","17/29245",0.000637141792155002,0.0279855380268514,0.0255108575066551,"OAS3/ABCE1/NPM1/OASL",4
"GO:0030032","BP","GO:0030032","lamellipodium assembly","11/710","140/29245",0.000639439012140904,0.0279855380268514,0.0255108575066551,"PIK3R1/RAC2/SPATA13/ACTR2/NCK1/ARHGEF6/CDC42/WAS/ITGB1/ABI3/FSCN1",11
"GO:0072527","BP","GO:0072527","pyrimidine-containing compound metabolic process","12/710","163/29245",0.000662106065032753,0.0287188505707957,0.0261793253345187,"DPYD/MAPK1/UPP1/DCK/TYMS/APOBEC3G/CAD/NME1/DUT/CTPS1/DCTPP1/TK1",12
"GO:0042129","BP","GO:0042129","regulation of T cell proliferation","19/710","339/29245",0.000700783274631371,0.0292390664531122,0.0266535400247542,"ANXA1/RAC2/PRKAR1A/CORO1A/CD3E/ZAP70/SPN/NCK1/PTPRC/SASH3/PRKCQ/PYCARD/CD55/LGALS3/SOS1/CASP3/DHPS/CCL5/TFRC",19
"GO:0045123","BP","GO:0045123","cellular extravasation","10/710","120/29245",0.000705932884194365,0.0292390664531122,0.0266535400247542,"RIPOR2/PIK3CD/SPN/ITGB1/PECAM1/ITGB7/ITGAL/ITGA4/ICAM1/JAML",10
"GO:0006177","BP","GO:0006177","GMP biosynthetic process","5/710","30/29245",0.000716230734442229,0.0292390664531122,0.0266535400247542,"ADA/PFAS/GART/IMPDH2/PAICS",5
"GO:0009200","BP","GO:0009200","deoxyribonucleoside triphosphate metabolic process","5/710","30/29245",0.000716230734442229,0.0292390664531122,0.0266535400247542,"SAMHD1/ADA/TYMS/DUT/DCTPP1",5
"GO:0009263","BP","GO:0009263","deoxyribonucleotide biosynthetic process","5/710","30/29245",0.000716230734442229,0.0292390664531122,0.0266535400247542,"DCK/TYMS/DUT/RRM1/RRM2",5
"GO:0009265","BP","GO:0009265","2'-deoxyribonucleotide biosynthetic process","5/710","30/29245",0.000716230734442229,0.0292390664531122,0.0266535400247542,"DCK/TYMS/DUT/RRM1/RRM2",5
"GO:0046385","BP","GO:0046385","deoxyribose phosphate biosynthetic process","5/710","30/29245",0.000716230734442229,0.0292390664531122,0.0266535400247542,"DCK/TYMS/DUT/RRM1/RRM2",5
"GO:0034250","BP","GO:0034250","positive regulation of cellular amide metabolic process","17/710","288/29245",0.000743700097451268,0.0299283864387386,0.027281905429519,"PTK2B/NCK1/VIM/C1QBP/NPM1/LARP1/TRMT10C/NAT10/CSDE1/NIBAN1/EIF4G1/YTHDF2/CASP3/YBX1/CDC123/LARP4/CCL5",17
"GO:0009303","BP","GO:0009303","rRNA transcription","7/710","62/29245",0.000745437373216831,0.0299283864387386,0.027281905429519,"NCL/POLR1B/NOL11/POLR1G/NIFK/POLR1E/NPM3",7
"GO:0034644","BP","GO:0034644","cellular response to UV","12/710","166/29245",0.000777832909004752,0.030973051409386,0.0282341936857894,"PIK3R1/H2AW/BAX/NPM1/BAK1/PPID/NOC2L/CHEK1/POLD3/POLD1/PBK/AURKB",12
"GO:0071346","BP","GO:0071346","cellular response to interferon-gamma","14/710","214/29245",0.000795541106716626,0.0312720459076603,0.0285067489617835,"FLNB/ZYX/ACTR2/JAK1/VPS26B/CASP1/CDC42/VIM/WAS/PARP14/GBP2/HSP90AB1/GBP5/CCL5",14
"GO:0006220","BP","GO:0006220","pyrimidine nucleotide metabolic process","9/710","101/29245",0.000798216075041145,0.0312720459076603,0.0285067489617835,"DPYD/UPP1/DCK/TYMS/CAD/NME1/DUT/CTPS1/DCTPP1",9
"GO:0045069","BP","GO:0045069","regulation of viral genome replication","11/710","144/29245",0.000808515305300733,0.0314221388252077,0.0286435695949489,"SHFL/PARP10/OAS3/LARP1/PPID/SRPK1/STAU1/APOBEC3G/OASL/CCL5/TOP2A",11
"GO:0002699","BP","GO:0002699","positive regulation of immune effector process","23/710","455/29245",0.000847292684773981,0.032667840179619,0.0297791171666177,"DDX60/ANXA1/HLA-F/RAC2/DDX58/MYO18A/PTPRC/ITGAM/SASH3/LAMP1/PLCG2/STX7/SH2D1A/STXBP2/CD55/ITGB2/HSPD1/RIF1/CD74/DDX21/HLA-DRA/SLC7A5/TFRC",23
"GO:0000724","BP","GO:0000724","double-strand break repair via homologous recombination","16/710","266/29245",0.000862098008637218,0.0329769458736977,0.0300608895344946,"ATM/SAMHD1/ACTR2/ACTB/WAS/MMS19/CHEK1/RIF1/BLM/MCM5/MCM3/MCM7/MCM2/MCM4/MCM6/GINS4",16
"GO:0042558","BP","GO:0042558","pteridine-containing compound metabolic process","7/710","64/29245",0.000903153399485958,0.0342774938648655,0.0312464338128078,"TYMS/GGH/GART/MTHFD1L/SHMT2/MTHFD2/DHFR",7
"GO:0042542","BP","GO:0042542","response to hydrogen peroxide","15/710","242/29245",0.000913592142588364,0.0344048885945292,0.0313625633934659,"ANXA1/CAPN2/PTK2B/CAT/PRKAA1/TXNIP/HDAC2/BAK1/TNFAIP3/CASP3/ANKZF1/TRAP1/CDK1/HBA1/PYCR1",15
"GO:0009127","BP","GO:0009127","purine nucleoside monophosphate biosynthetic process","6/710","47/29245",0.000922777540400655,0.0344834868558953,0.0314342114369681,"DCK/ADA/PFAS/GART/IMPDH2/PAICS",6
"GO:0000725","BP","GO:0000725","recombinational repair","16/710","268/29245",0.000933016720323885,0.0345999635674308,0.0315403884483936,"ATM/SAMHD1/ACTR2/ACTB/WAS/MMS19/CHEK1/RIF1/BLM/MCM5/MCM3/MCM7/MCM2/MCM4/MCM6/GINS4",16
"GO:0099024","BP","GO:0099024","plasma membrane invagination","10/710","125/29245",0.000968671599056251,0.0352716789878544,0.0321527060089496,"BIN2/RAC2/SH3BP1/ARHGAP25/ITGAM/CDC42/SNX9/PLCG2/ITGB2/AURKB",10
"GO:0000966","BP","GO:0000966","RNA 5'-end processing","5/710","32/29245",0.000972444331535444,0.0352716789878544,0.0321527060089496,"UTP20/NOP14/TBL3/TRMT10C/PRORP",5
"GO:0032743","BP","GO:0032743","positive regulation of interleukin-2 production","7/710","65/29245",0.000991285437281297,0.0352716789878544,0.0321527060089496,"ANXA1/CD3E/PTPRC/SASH3/PRKCQ/PLCG2/IRF4",7
"GO:0000018","BP","GO:0000018","regulation of DNA recombination","14/710","219/29245",0.000994762532362288,0.0352716789878544,0.0321527060089496,"H1-10/H1-2/ACTR2/ACTB/PTPRC/WAS/MMS19/H1-5/MSH6/CHEK1/RIF1/BLM/TFRC/KPNA2",14
"GO:0035404","BP","GO:0035404","histone-serine phosphorylation","4/710","19/29245",0.000998366085761014,0.0352716789878544,0.0321527060089496,"PRKAA1/RPS6KA5/AURKB/AURKA",4
"GO:0016572","BP","GO:0016572","histone phosphorylation","8/710","84/29245",0.00099880452024537,0.0352716789878544,0.0321527060089496,"ATM/PRKAA1/RPS6KA5/CHEK1/CDK2/CDK1/AURKB/AURKA",8
"GO:0097581","BP","GO:0097581","lamellipodium organization","12/710","171/29245",0.0010080923610459,0.0352716789878544,0.0321527060089496,"ARPC5/PIK3R1/RAC2/SPATA13/ACTR2/NCK1/ARHGEF6/CDC42/WAS/ITGB1/ABI3/FSCN1",12
"GO:0070227","BP","GO:0070227","lymphocyte apoptotic process","11/710","148/29245",0.00101308441014467,0.0352716789878544,0.0321527060089496,"GIMAP8/CD3G/PRKCQ/BAX/ADA/BAK1/NOC2L/LGALS3/CD74/CCL5/AURKB",11
"GO:0034728","BP","GO:0034728","nucleosome organization","13/710","195/29245",0.00101647489878543,0.0352716789878544,0.0321527060089496,"HP1BP3/H1-10/HMGA1/H1-2/H2AW/HMGB2/GRWD1/NPM1/H1-5/CHD1/NAP1L1/BAZ1A/MCM2",13
"GO:0090316","BP","GO:0090316","positive regulation of intracellular protein transport","17/710","297/29245",0.00104284148953953,0.0359299571360498,0.0327527745165568,"PIK3R1/RAC2/HCLS1/PRKAA1/CIB1/ITGAM/CDC42/USP36/ITGB2/TCAF2/IPO5/HUWE1/PCM1/STOM/HSP90AB1/CDK1/GZMB",17
"GO:0001906","BP","GO:0001906","cell killing","18/710","325/29245",0.00109516644838429,0.0374670324383865,0.0341539306771884,"PRF1/HLA-F/CORO1A/CD59/PTPRC/ITGAM/LAMP1/STX7/RPL30/SH2D1A/CTSC/STXBP2/CD55/GZMM/HSP90AB1/HLA-DRA/ICAM1/GZMB",18
"GO:0042098","BP","GO:0042098","T cell proliferation","21/710","408/29245",0.00111792006206868,0.0379780116190885,0.0346197254407283,"ANXA1/RAC2/PRKAR1A/CORO1A/CD3E/ZAP70/SPN/NCK1/PTPRC/SASH3/PRKCQ/PYCARD/BAX/CD55/LGALS3/SOS1/CASP3/DHPS/CTPS1/CCL5/TFRC",21
"GO:0002274","BP","GO:0002274","myeloid leukocyte activation","21/710","409/29245",0.00115233365698455,0.0388752562891038,0.0354376293489328,"ATM/CAMK4/ANXA1/PIK3CD/RAC2/MYO18A/PTPRC/ITGAM/ADAM10/PLCG2/LCP2/PYCARD/PREX1/CTSC/STXBP2/ITGB2/HSPD1/CD74/JUND/CCL5/IRF4",21
"GO:0022616","BP","GO:0022616","DNA strand elongation","7/710","67/29245",0.00118776063697298,0.0397940770649293,0.0362752014500569,"POLD2/POLD3/LIG1/POLA1/MCM3/MCM7/MCM4",7
"GO:0050671","BP","GO:0050671","positive regulation of lymphocyte proliferation","16/710","275/29245",0.00122152950873591,0.0401818458095017,0.0366286809214478,"ANXA1/CORO1A/CD3E/ZAP70/NCK1/PTPRC/SASH3/PRKCQ/PYCARD/ADA/CD55/DHPS/CD74/CD38/CCL5/TFRC",16
"GO:0009143","BP","GO:0009143","nucleoside triphosphate catabolic process","4/710","20/29245",0.00122414845199799,0.0401818458095017,0.0366286809214478,"SAMHD1/ADA/DUT/DCTPP1",4
"GO:0045060","BP","GO:0045060","negative thymic T cell selection","4/710","20/29245",0.00122414845199799,0.0401818458095017,0.0366286809214478,"CD3E/ZAP70/PTPRC/CD74",4
"GO:0009064","BP","GO:0009064","glutamine family amino acid metabolic process","11/710","152/29245",0.0012586090134543,0.0410357220628256,0.0374070513571336,"DGLUCY/DDAH2/ATP2B4/OAT/PFAS/CAD/PYCR2/CTPS1/PHGDH/ASNS/PYCR1",11
"GO:1901136","BP","GO:1901136","carbohydrate derivative catabolic process","17/710","303/29245",0.00129460632601848,0.0419279835453186,0.0382204127267352,"DPYD/GUSB/SAMHD1/GPD1L/HEXA/GLB1/HEXB/GNPDA1/GNS/UPP1/GM2A/ADA/APOBEC3G/ADA2/AOAH/DUT/DCTPP1",17
"GO:0006909","BP","GO:0006909","phagocytosis","22/710","442/29245",0.00132362088586623,0.0425837765797228,0.0388182158720057,"ANXA1/CNN2/BIN2/RAC2/CORO1A/SH3BP1/ARHGAP25/MYO18A/PTPRC/ITGAM/CDC42/ICAM3/ELMO2/LMAN2/PLCG2/PYCARD/ITGB1/PECAM1/LYAR/ITGB2/MYO1G/ITGAL",22
"GO:0007163","BP","GO:0007163","establishment or maintenance of cell polarity","21/710","414/29245",0.00133836210568116,0.0426381492333382,0.038867780508473,"RIPOR2/ARPC5/RAC2/PTK2B/CD3G/CAP1/SH3BP1/ACTR2/SPN/ACTB/MYO18A/CDC42/SLC9A3R1/LMNA/MARK2/ITGB1/PDLIM1/HSP90AB1/FSCN1/CTNNA1/KIF2C",21
"GO:0050864","BP","GO:0050864","regulation of B cell activation","14/710","226/29245",0.00134286472472226,0.0426381492333382,0.038867780508473,"ATM/SH3KBP1/INPP5D/TBC1D10C/PTPRC/SASH3/ADA/HMGB3/TNFAIP3/CASP3/RIF1/CD74/CD38/TFRC",14
"GO:0042100","BP","GO:0042100","B cell proliferation","12/710","177/29245",0.00135653726969106,0.0427925847802542,0.0390085597648002,"ATM/INPP5D/PTPRC/SASH3/BAX/ADA/HSPD1/CASP3/CD74/CD38/CTPS1/TFRC",12
"GO:0032946","BP","GO:0032946","positive regulation of mononuclear cell proliferation","16/710","278/29245",0.00136646495293399,0.0428276563958278,0.0390405300984264,"ANXA1/CORO1A/CD3E/ZAP70/NCK1/PTPRC/SASH3/PRKCQ/PYCARD/ADA/CD55/DHPS/CD74/CD38/CCL5/TFRC",16
"GO:0042102","BP","GO:0042102","positive regulation of T cell proliferation","13/710","202/29245",0.00139951773932642,0.0435824178054344,0.0397285501305416,"ANXA1/CORO1A/CD3E/ZAP70/NCK1/PTPRC/SASH3/PRKCQ/PYCARD/CD55/DHPS/CCL5/TFRC",13
"GO:0000959","BP","GO:0000959","mitochondrial RNA metabolic process","8/710","89/29245",0.0014561430778786,0.0450569622441671,0.0410727048517282,"PRKAA1/TRMT10C/SLIRP/LRPPRC/GRSF1/PRORP/GARS1/TBRG4",8
"GO:0009070","BP","GO:0009070","serine family amino acid biosynthetic process","5/710","35/29245",0.00147654244018164,0.0453990074329265,0.0413845039696479,"PSPH/PHGDH/SHMT2/PSAT1/DHFR",5
"GO:0033634","BP","GO:0033634","positive regulation of cell-cell adhesion mediated by integrin","3/710","10/29245",0.00150515468554333,0.0459876821532674,0.041921123880045,"SKAP1/CD3E/CCL5",3
"GO:0009156","BP","GO:0009156","ribonucleoside monophosphate biosynthetic process","7/710","70/29245",0.00153823546198891,0.0465292284339785,0.0424147827829836,"UPP1/ADA/PFAS/GART/CAD/IMPDH2/PAICS",7
"GO:0070665","BP","GO:0070665","positive regulation of leukocyte proliferation","17/710","308/29245",0.00154203494810015,0.0465292284339785,0.0424147827829836,"ANXA1/CORO1A/CD3E/ZAP70/NCK1/PTPRC/SASH3/MAPK1/PRKCQ/PYCARD/ADA/CD55/DHPS/CD74/CD38/CCL5/TFRC",17
"GO:0001783","BP","GO:0001783","B cell apoptotic process","6/710","52/29245",0.00157955988416372,0.0470766988789409,0.0429138419933922,"BAX/ADA/BAK1/NOC2L/CD74/AURKB",6
"GO:0051647","BP","GO:0051647","nucleus localization","6/710","52/29245",0.00157955988416372,0.0470766988789409,0.0429138419933922,"SUN2/SYNE2/CDC42/SLC9A3R1/PCM1/NUDC",6
"GO:0071621","BP","GO:0071621","granulocyte chemotaxis","13/710","206/29245",0.00166764827171051,0.0492094922040159,0.0448580385478743,"RIPOR2/ANXA1/PIK3CD/RAC2/MAPK1/C1QBP/PREX1/DPP4/ITGB2/LGALS3/CD74/CCL5/JAML",13
"GO:0010591","BP","GO:0010591","regulation of lamellipodium assembly","7/710","71/29245",0.00167138044743982,0.0492094922040159,0.0448580385478743,"PIK3R1/RAC2/ACTR2/CDC42/WAS/ABI3/FSCN1",7
"GO:0030684","CC","GO:0030684","preribosome","45/734","101/30568",1.08806354228907e-45,5.98434948258991e-43,4.93637249185885e-43,"PWP2/IMP4/BMS1/NOL6/UTP25/EBNA1BP2/MPHOSPH10/RSL1D1/UTP14A/RRP1B/IMP3/KRR1/UTP6/RRP15/BOP1/NOC4L/UTP20/PDCD11/UTP11/RRS1/NOP14/MAK16/RRP9/FTSJ3/WDR36/BYSL/WDR3/TBL3/UTP4/EMG1/UTP18/WDR12/DCAF13/UTP3/PES1/WDR46/HEATR1/RRP1/MRTO4/NOC2L/MDN1/NOB1/NIP7/TSR1/SLX9",45
"GO:0032040","CC","GO:0032040","small-subunit processome","25/734","51/30568",2.98521965256625e-27,8.2093540445572e-25,6.77173510661082e-25,"PWP2/IMP4/NOL6/UTP25/MPHOSPH10/UTP14A/IMP3/KRR1/UTP6/NOC4L/UTP20/PDCD11/UTP11/NOP14/RRP9/WDR36/WDR3/TBL3/UTP4/EMG1/UTP18/DCAF13/UTP3/WDR46/HEATR1",25
"GO:0030686","CC","GO:0030686","90S preribosome","22/734","36/30568",4.7529724964269e-27,8.71378291011598e-25,7.18782858231576e-25,"PWP2/IMP4/BMS1/NOL6/MPHOSPH10/RSL1D1/IMP3/UTP6/BOP1/NOC4L/UTP20/NOP14/WDR36/WDR3/TBL3/UTP4/UTP18/WDR12/PES1/HEATR1/NOC2L/SLX9",22
"GO:0005766","CC","GO:0005766","primary lysosome","35/734","291/30568",5.70204651541672e-15,6.27225116695839e-13,5.17385694346233e-13,"DPP7/PRCP/GUSB/AGA/NAPRT/ARHGAP45/CAP1/FTL/ACTR2/ARSA/PSAP/HEXA/RAB5C/GLB1/HEXB/MAPK1/LAMP1/NPC2/GNS/CTSA/PYCARD/ANXA2/STX7/CPPED1/GM2A/CTSC/LAMP2/CKAP4/STXBP2/LPCAT1/GGH/ADA2/MAN2B1/STOM/FABP5",35
"GO:0042582","CC","GO:0042582","azurophil granule","35/734","291/30568",5.70204651541672e-15,6.27225116695839e-13,5.17385694346233e-13,"DPP7/PRCP/GUSB/AGA/NAPRT/ARHGAP45/CAP1/FTL/ACTR2/ARSA/PSAP/HEXA/RAB5C/GLB1/HEXB/MAPK1/LAMP1/NPC2/GNS/CTSA/PYCARD/ANXA2/STX7/CPPED1/GM2A/CTSC/LAMP2/CKAP4/STXBP2/LPCAT1/GGH/ADA2/MAN2B1/STOM/FABP5",35
"GO:0030687","CC","GO:0030687","preribosome, large subunit precursor","14/734","33/30568",1.00673515767338e-14,9.22840561200594e-13,7.61233075363553e-13,"EBNA1BP2/RRP1B/RRP15/BOP1/RRS1/MAK16/FTSJ3/WDR12/PES1/RRP1/MRTO4/NOC2L/MDN1/NIP7",14
"GO:0005775","CC","GO:0005775","vacuolar lumen","35/734","351/30568",1.51693673962557e-12,1.19187886684866e-10,9.831574959077e-11,"DPP7/ASAH1/GUSB/AGA/NAPRT/ARHGAP45/TPP1/CAP1/FTL/ACTR2/ARSA/PSAP/HEXA/PPT1/GLB1/HEXB/MAPK1/NPC2/CTSD/GNS/CTSA/PYCARD/ANXA2/CPPED1/GM2A/CTSS/CTSC/LAMP2/ACP2/GYG1/GGH/ADA2/MAN2B1/CD74/FABP5",35
"GO:0030688","CC","GO:0030688","preribosome, small subunit precursor","10/734","18/30568",2.20615637454423e-12,1.51673250749916e-10,1.25112289135337e-10,"RRP1B/NOC4L/UTP20/NOP14/FTSJ3/BYSL/RRP1/NOB1/TSR1/SLX9",10
"GO:0101002","CC","GO:0101002","ficolin-1-rich granule","35/734","363/30568",3.98377879103458e-12,2.43453148341002e-10,2.00819726191334e-10,"ASAH1/PRCP/GUSB/CSTB/ARPC5/BIN2/COTL1/TBC1D10C/CAPN1/ACTR2/CAT/GMFG/GLB1/MAPK1/LAMP1/CTSZ/CTSD/GNS/ALDOC/PRDX4/CTSS/PLEKHO2/LAMP2/DYNLL1/CD55/OSTF1/ITGB2/GYG1/LGALS3/NBEAL2/HUWE1/PGAM1/IMPDH2/PSMB7/HSP90AB1",35
"GO:0035578","CC","GO:0035578","azurophil granule lumen","24/734","177/30568",8.31520923789934e-12,4.57336508084464e-10,3.77247913845749e-10,"DPP7/GUSB/AGA/NAPRT/ARHGAP45/CAP1/FTL/ACTR2/ARSA/GLB1/HEXB/MAPK1/NPC2/GNS/CTSA/PYCARD/ANXA2/CPPED1/GM2A/CTSC/GGH/ADA2/MAN2B1/FABP5",24
"GO:1904813","CC","GO:1904813","ficolin-1-rich granule lumen","26/734","248/30568",3.85512742214001e-10,1.92756371107001e-08,1.59000949181086e-08,"ASAH1/GUSB/CSTB/ARPC5/BIN2/COTL1/CAPN1/ACTR2/CAT/GMFG/GLB1/MAPK1/CTSZ/CTSD/GNS/ALDOC/PRDX4/CTSS/PLEKHO2/OSTF1/GYG1/HUWE1/PGAM1/IMPDH2/PSMB7/HSP90AB1",26
"GO:0000228","CC","GO:0000228","nuclear chromosome","28/734","359/30568",5.96572566904366e-08,2.73429093164501e-06,2.25546295031387e-06,"ADD3/NOL6/HDAC2/NIFK/RRS1/TOP1/LRPPRC/CHD1/POLD2/PINX1/CHEK1/BLM/BAZ1A/POLD3/POLD1/PRIM1/POLA2/MCM5/POLA1/MCM3/MCM7/MCM2/MCM4/MCM6/TOP2A/WDHD1/GINS4/PRIM2",28
"GO:0042101","CC","GO:0042101","T cell receptor complex","8/734","25/30568",8.01676667183078e-08,3.27094376883562e-06,2.69813734807302e-06,"CD247/SKAP1/CD3G/CD3D/CD3E/APBB1IP/ZAP70/CD8A",8
"GO:0030027","CC","GO:0030027","lamellipodium","30/734","410/30568",8.32603868430884e-08,3.27094376883562e-06,2.69813734807302e-06,"DGKZ/PXN/ARPC5/FGD3/CFL1/RAC2/PTK2B/EVL/SPATA13/CORO1A/SYNE2/SH3BP1/APBB1IP/ACTR2/ARPC3/ACTB/CIB1/ARHGEF6/PSTPIP1/IQGAP2/ITGB1/CAPG/DBN1/ABI3/DPP4/MYO1G/CAPRIN1/MYH10/FSCN1/CTNNA1",30
"GO:0001772","CC","GO:0001772","immunological synapse","13/734","84/30568",1.0370298232772e-07,3.80244268534972e-06,3.13656037777173e-06,"SKAP1/PRKAR1A/CORO1A/CD3E/ZAP70/LCK/PRKCQ/STX7/LGALS3/HLA-DRA/ICAM1/GZMA/GZMB",13
"GO:0032993","CC","GO:0032993","protein-DNA complex","25/734","309/30568",1.51303480503125e-07,4.5652275244453e-06,3.76576662781995e-06,"HP1BP3/H1-10/MAX/H1-2/ACTB/H2AW/NPM1/TOP1/H1-5/POLD2/JUND/POLD3/POLD1/PRIM1/POLA2/MCM5/POLA1/MCM3/IRF4/MCM7/MCM2/MCM4/MCM6/GINS4/PRIM2",25
"GO:0070820","CC","GO:0070820","tertiary granule","25/734","309/30568",1.51303480503125e-07,4.5652275244453e-06,3.76576662781995e-06,"ASAH1/PRCP/CSTB/CNN2/TBC1D10C/CD59/ITGAM/TSPAN14/LAMP1/CTSD/ADAM10/KCNAB2/RAP2B/ALDOC/STX7/CTSS/LAMP2/STXBP2/DYNLL1/CD55/ITGB2/LGALS3/GGH/NBEAL2/STOM",25
"GO:0043202","CC","GO:0043202","lysosomal lumen","20/734","207/30568",1.57010311418699e-07,4.5652275244453e-06,3.76576662781995e-06,"ASAH1/GUSB/TPP1/ARSA/PSAP/HEXA/PPT1/GLB1/HEXB/NPC2/CTSD/GNS/CTSA/GM2A/CTSS/LAMP2/ACP2/GYG1/MAN2B1/CD74",20
"GO:0043601","CC","GO:0043601","nuclear replisome","8/734","27/30568",1.57707859935383e-07,4.5652275244453e-06,3.76576662781995e-06,"POLD2/POLD3/POLD1/PRIM1/POLA2/POLA1/MCM3/PRIM2",8
"GO:0030894","CC","GO:0030894","replisome","8/734","29/30568",2.92221955524352e-07,8.03610377691967e-06,6.62882435952608e-06,"POLD2/POLD3/POLD1/PRIM1/POLA2/POLA1/MCM3/PRIM2",8
"GO:0042470","CC","GO:0042470","melanosome","20/734","217/30568",3.37400425671178e-07,8.43501064177945e-06,6.95787480690324e-06,"ANXA6/TPP1/GANAB/RAB5C/LAMP1/CTSD/ANXA2/ITGB1/TRPV2/CAPG/GGH/STOM/NAP1L1/SLC2A1/HSP90AB1/FASN/SLC1A5/TFRC/SLC3A2/SLC1A4",20
"GO:0048770","CC","GO:0048770","pigment granule","20/734","217/30568",3.37400425671178e-07,8.43501064177945e-06,6.95787480690324e-06,"ANXA6/TPP1/GANAB/RAB5C/LAMP1/CTSD/ANXA2/ITGB1/TRPV2/CAPG/GGH/STOM/NAP1L1/SLC2A1/HSP90AB1/FASN/SLC1A5/TFRC/SLC3A2/SLC1A4",20
"GO:0071162","CC","GO:0071162","CMG complex","7/734","21/30568",3.87895644386212e-07,9.27576540923551e-06,7.6513969213024e-06,"MCM5/MCM3/MCM7/MCM2/MCM4/MCM6/GINS4",7
"GO:0031261","CC","GO:0031261","DNA replication preinitiation complex","7/734","22/30568",5.57124245960247e-07,1.2767430636589e-05,1.05316030705643e-05,"MCM5/MCM3/MCM7/MCM2/MCM4/MCM6/GINS4",7
"GO:0043596","CC","GO:0043596","nuclear replication fork","9/734","46/30568",1.25747160444513e-06,2.76643752977928e-05,2.28198004848779e-05,"POLD2/POLD3/POLD1/PRIM1/POLA2/POLA1/MCM3/WDHD1/PRIM2",9
"GO:0042555","CC","GO:0042555","MCM complex","6/734","17/30568",1.85406896023383e-06,3.92206895434079e-05,3.23523774032704e-05,"MCM5/MCM3/MCM7/MCM2/MCM4/MCM6",6
"GO:0042575","CC","GO:0042575","DNA polymerase complex","8/734","37/30568",2.21832603003139e-06,4.51881228339728e-05,3.72747960601766e-05,"POLD2/POLD3/POLD1/PRIM1/POLA2/POLA1/MCM3/PRIM2",8
"GO:0010494","CC","GO:0010494","cytoplasmic stress granule","15/734","164/30568",1.06867963707381e-05,0.000209919214425213,0.000173158241946922,"LARP1/ATXN2/DDX19A/CSDE1/PABPC4/G3BP1/STAU1/EIF4G1/UBAP2L/YTHDF2/YBX1/CAPRIN1/CELF1/NUFIP2/LARP4",15
"GO:0005657","CC","GO:0005657","replication fork","12/734","113/30568",1.81584427666756e-05,0.000344384259367985,0.00028407581968919,"POLD2/CHEK1/BLM/POLD3/POLD1/PRIM1/POLA2/POLA1/MCM3/WDHD1/PRIM2/UHRF1",12
"GO:0042641","CC","GO:0042641","actomyosin","14/734","164/30568",4.49885029932718e-05,0.000824789221543317,0.000680352448775444,"ACTN1/FLNB/PDLIM2/PXN/CNN2/ZYX/SEPTIN9/MYO18A/DBN1/PDLIM1/ACTN4/LIMA1/MYH10/FSCN1",14
"GO:0001891","CC","GO:0001891","phagocytic cup","7/734","45/30568",9.17627765016596e-05,0.00162804926051331,0.00134294589718897,"ANXA1/BIN2/CORO1A/SH3BP1/ARHGAP25/MYO1G/TRIP10",7
"GO:0005884","CC","GO:0005884","actin filament","16/734","224/30568",0.000113506441229171,0.0019214773362125,0.00158498896058868,"ACTN1/PDLIM2/ANXA1/RAC2/CORO1A/HCLS1/COTL1/ACTB/RCSD1/WIPF1/PSTPIP1/WAS/MARK2/MYO9B/DBN1/PDLIM1",16
"GO:0001726","CC","GO:0001726","ruffle","21/734","347/30568",0.00011528864017275,0.0019214773362125,0.00158498896058868,"RASGRP2/ACTN1/ARHGAP45/FGD3/CFL1/SPATA13/DDX58/CIB1/S100A11/WIPF1/PLEK/SNX9/SLC9A3R1/PLCG2/TLN1/ITGB1/CAPG/ARHGAP18/LIMA1/NME1/FSCN1",21
"GO:0030864","CC","GO:0030864","cortical actin cytoskeleton","13/734","164/30568",0.000175922967004496,0.00284581270154332,0.00234745507055535,"ACTN1/CAPN2/CAP1/CORO1A/HCLS1/COTL1/ACTR2/LASP1/SNX9/UTRN/DBN1/ACTN4/SLC2A1",13
"GO:0044194","CC","GO:0044194","cytolytic granule","5/734","23/30568",0.000184987282668763,0.00290694301336628,0.00239788026557104,"PRF1/GZMH/LAMP1/STXBP2/GZMB",5
"GO:0032432","CC","GO:0032432","actin filament bundle","13/734","166/30568",0.000198366407122022,0.00303059788658645,0.0024998807447249,"ACTN1/FLNB/RFLNB/PDLIM2/PXN/CNN2/ZYX/SEPTIN9/PDLIM1/ACTN4/LIMA1/MYH10/FSCN1",13
"GO:0036464","CC","GO:0036464","cytoplasmic ribonucleoprotein granule","25/734","478/30568",0.000266898290294864,0.00396740701789663,0.00327263621954727,"SHFL/SYNE1/ACTB/CDC42/NCL/CKAP4/LARP1/TOP1/ATXN2/CARHSP1/DDX19A/CSDE1/PABPC4/G3BP1/STAU1/EIF4G1/UBAP2L/YTHDF2/APOBEC3G/YBX1/CAPRIN1/CELF1/NUFIP2/UBAP2/LARP4",25
"GO:0001725","CC","GO:0001725","stress fiber","12/734","151/30568",0.000301634320957353,0.00425381734683447,0.00350889048131226,"ACTN1/FLNB/PDLIM2/PXN/CNN2/ZYX/SEPTIN9/PDLIM1/ACTN4/LIMA1/MYH10/FSCN1",12
"GO:0097517","CC","GO:0097517","contractile actin filament bundle","12/734","151/30568",0.000301634320957353,0.00425381734683447,0.00350889048131226,"ACTN1/FLNB/PDLIM2/PXN/CNN2/ZYX/SEPTIN9/PDLIM1/ACTN4/LIMA1/MYH10/FSCN1",12
"GO:0098636","CC","GO:0098636","protein complex involved in cell adhesion","8/734","80/30568",0.000673545282772978,0.00926124763812844,0.00763942149671456,"ITGAM/ITGB1/ITGB7/ITGB2/ITGAL/LGALS1/ITGA4/VTN",8
"GO:0061695","CC","GO:0061695","transferase complex, transferring phosphorus-containing groups","23/734","457/30568",0.000779636829034369,0.0102855562491136,0.00848435357582383,"PIK3CD/PIK3R1/PRKAR1A/PRKAA1/PYCARD/POLR1B/PFKM/POLR1C/POLR1G/MMS19/POLR1E/CCNT1/BCCIP/POLD2/POLD3/POLD1/PRIM1/POLA2/CDK2/POLA1/MCM3/CDK1/PRIM2",23
"GO:0030863","CC","GO:0030863","cortical cytoskeleton","14/734","216/30568",0.000785442477205036,0.0102855562491136,0.00848435357582383,"ACTN1/CAPN2/CAP1/CORO1A/HCLS1/COTL1/ACTR2/ACTB/LASP1/SNX9/UTRN/DBN1/ACTN4/SLC2A1",14
"GO:0000781","CC","GO:0000781","chromosome, telomeric region","16/734","269/30568",0.00086752036162091,0.0110961906718954,0.00915303000877876,"ATM/HDAC2/NAT10/PINX1/CHEK1/RIF1/BLM/POLD1/MCM5/CDK2/MCM3/MCM7/MCM2/CDK1/MCM4/MCM6",16
"GO:0042581","CC","GO:0042581","specific granule","17/734","304/30568",0.00119620477288536,0.014952559661067,0.0123340731366888,"SLC44A2/CNN2/CD59/ITGAM/STK10/TSPAN14/CTSZ/CTSD/ADAM10/KCNAB2/RAP2B/CKAP4/STXBP2/ITGB2/GGH/ITGAL/STOM",17
"GO:0035579","CC","GO:0035579","specific granule membrane","12/734","179/30568",0.0013635408216924,0.016665498931796,0.0137470431379982,"SLC44A2/CD59/ITGAM/STK10/TSPAN14/ADAM10/KCNAB2/RAP2B/CKAP4/ITGB2/ITGAL/STOM",12
"GO:0005736","CC","GO:0005736","RNA polymerase I complex","4/734","21/30568",0.00142494124453408,0.0167655133478595,0.0138295430678037,"POLR1B/POLR1C/POLR1G/POLR1E",4
"GO:0070821","CC","GO:0070821","tertiary granule membrane","10/734","133/30568",0.00143268932245345,0.0167655133478595,0.0138295430678037,"CD59/ITGAM/TSPAN14/ADAM10/KCNAB2/RAP2B/DYNLL1/ITGB2/NBEAL2/STOM",10
"GO:0098802","CC","GO:0098802","plasma membrane signaling receptor complex","18/734","339/30568",0.00155585142393512,0.01782746423259,0.0147055255200886,"CD247/SKAP1/PTK2B/CD3G/CD3D/CD3E/APBB1IP/ZAP70/LIME1/ITGAM/ITGB1/ITGB7/ITGB2/CD8A/ITGAL/ITGA4/TRAF1/TFRC",18
"GO:0030496","CC","GO:0030496","midbody","19/734","372/30568",0.00182256212913071,0.0203907576187648,0.0168199359496414,"IL16/SEPTIN1/MICAL1/VPS4B/GNAI2/CDC42/SPART/AGAP2/GNL3/ANXA2/CAPG/URB2/NAT10/MYH10/NUDC/SLC2A1/CDK1/AURKB/AURKA",19
"GO:0101003","CC","GO:0101003","ficolin-1-rich granule membrane","9/734","115/30568",0.00185370523806953,0.0203907576187648,0.0168199359496414,"PRCP/TBC1D10C/LAMP1/LAMP2/DYNLL1/CD55/ITGB2/LGALS3/NBEAL2",9
"GO:0031143","CC","GO:0031143","pseudopodium","5/734","39/30568",0.00230671154529657,0.0248763009786885,0.0205199726733297,"ACTN1/CAPN2/ARRB1/MAPK1/ACTN4",5
"GO:0043625","CC","GO:0043625","delta DNA polymerase complex","3/734","12/30568",0.00257971892500839,0.0272854886298964,0.0225072643052351,"POLD2/POLD3/POLD1",3
"GO:0031616","CC","GO:0031616","spindle pole centrosome","4/734","25/30568",0.0027913835921001,0.0289671882199067,0.0238944653067556,"NPM1/SPOUT1/AURKB/AURKA",4
"GO:0035577","CC","GO:0035577","azurophil granule membrane","8/734","100/30568",0.00284984248992939,0.02902617350854,0.0239431211142216,"PRCP/PSAP/RAB5C/LAMP1/LAMP2/CKAP4/LPCAT1/STOM",8
"GO:0008305","CC","GO:0008305","integrin complex","6/734","60/30568",0.00312817985887743,0.0312817985887743,0.0258037419938023,"ITGAM/ITGB1/ITGB7/ITGB2/ITGAL/ITGA4",6
"GO:0072559","CC","GO:0072559","NLRP3 inflammasome complex","3/734","14/30568",0.00411824757931581,0.0397374766425209,0.0327786649434001,"CASP1/PYCARD/CASP4",3
"GO:0097197","CC","GO:0097197","tetraspanin-enriched microdomain","3/734","14/30568",0.00411824757931581,0.0397374766425209,0.0327786649434001,"SAMHD1/TSPAN14/ADAM10",3
"GO:0005811","CC","GO:0005811","lipid droplet","11/734","181/30568",0.00450952426403143,0.0427627300899532,0.0352741371651097,"GIMAP7/GIMAP2/HSD17B11/EHD1/RAB3GAP1/RAB5C/SPART/ANXA2/CKAP4/LPCAT1/ACSL4",11
"GO:0045335","CC","GO:0045335","phagocytic vesicle","14/734","264/30568",0.00498469717439648,0.0463531593590907,0.0382358118349628,"FLNB/HLA-F/ZYX/RAC2/CORO1A/VPS26B/CDC42/VIM/FMNL1/LAMP1/WAS/CTSS/LAMP2/STX12",14
"GO:0031074","CC","GO:0031074","nucleocytoplasmic transport complex","3/734","15/30568",0.00505670829371898,0.0463531593590907,0.0382358118349628,"MYBBP1A/XPO5/KPNA2",3
"GO:0000793","CC","GO:0000793","condensed chromosome","20/734","441/30568",0.00537192785328068,0.0481813576141534,0.0397438567113878,"ADD3/HMGB2/NOL6/NIFK/RRS1/DYNLL1/SPOUT1/LRPPRC/PINX1/CHEK1/RIF1/BLM/SKA3/CDK2/ERCC6L/KIF2C/FANCD2/MKI67/TOP2A/AURKB",20
"GO:0030175","CC","GO:0030175","filopodium","12/734","212/30568",0.00543135304014093,0.0481813576141534,0.0397438567113878,"RIPOR2/SPATA13/SYNE2/TBC1D10C/CIB1/CDC42/IQGAP2/SLC9A3R1/UTRN/ITGB1/MYO1G/FSCN1",12
"GO:0030515","MF","GO:0030515","snoRNA binding","14/734","50/30031",9.98872136556091e-12,9.32946575543389e-09,8.34846817290038e-09,"IMP4/BMS1/UTP25/IMP3/UTP6/NOP14/RRP9/BYSL/WDR3/TBL3/HEATR1/NOLC1/TSR1/DDX21",14
"GO:0051015","MF","GO:0051015","actin filament binding","33/734","435/30031",1.19574695459513e-08,5.58413827795924e-06,4.99696358920279e-06,"ACTN1/FLNB/ADD3/ARPC5/SYNE1/ANXA6/CFL1/CORO1A/HCLS1/SYNE2/MICAL1/COTL1/ACTR2/ARPC3/CORO7/LASP1/MYO18A/RCSD1/FMNL1/PSTPIP1/IQGAP2/UTRN/TLN1/MYO1F/CAPG/DBN1/ABI3/MYO1G/ACTN4/LIMA1/MYH10/FSCN1/CTNNA1",33
"GO:0004386","MF","GO:0004386","helicase activity","25/734","290/30031",6.20688434416215e-08,1.93240999248248e-05,1.72921619974202e-05,"DDX60/DDX58/SMARCA2/DDX51/DDX18/DDX52/DDX47/DDX56/DDX49/DDX19A/DDX20/CHD1/G3BP1/DDX50/BLM/DDX21/DDX10/MCM5/MCM3/ERCC6L/MCM7/MCM2/MCM4/MCM6/HELLS",25
"GO:0043021","MF","GO:0043021","ribonucleoprotein complex binding","23/734","281/30031",5.21175280018003e-07,0.000121694427884204,0.000108898203245867,"SHFL/C1QBP/NAA10/ABCE1/BOP1/SERBP1/NPM1/LARP1/GEMIN5/WDR12/DNAJC2/NAA15/PES1/NMD3/NOLC1/GEMIN4/PRMT5/SRPRA/XPO5/EIF2A/NME1/ETF1/PRMT3",23
"GO:0003724","MF","GO:0003724","RNA helicase activity","14/734","130/30031",3.84959235343531e-06,0.000672290458390754,0.000601598809830113,"DDX60/DDX58/DDX51/DDX18/DDX52/DDX47/DDX56/DDX49/DDX19A/DDX20/G3BP1/DDX50/DDX21/DDX10",14
"GO:0017124","MF","GO:0017124","SH3 domain binding","19/734","232/30031",4.96213257873341e-06,0.000672290458390754,0.000601598809830113,"SH3BGRL/SKAP1/SH3KBP1/EVL/INPP5D/HCLS1/MICAL1/CD3E/SH3BP1/RAPGEF1/WIPF1/WAS/ADAM10/ELMO2/ABI3/OSTF1/SOS1/NCKIPSD/SH2D2A",19
"GO:0008186","MF","GO:0008186","ATP-dependent activity, acting on RNA","14/734","133/30031",5.03857945260737e-06,0.000672290458390754,0.000601598809830113,"DDX60/DDX58/DDX51/DDX18/DDX52/DDX47/DDX56/DDX49/DDX19A/DDX20/G3BP1/DDX50/DDX21/DDX10",14
"GO:0034511","MF","GO:0034511","U3 snoRNA binding","5/734","13/30031",9.40918898733927e-06,0.00109852281427186,0.000983012638940445,"BMS1/UTP25/RRP9/TBL3/TSR1",5
"GO:0031072","MF","GO:0031072","heat shock protein binding","18/734","253/30031",5.72479657407737e-05,0.00594106666687585,0.00531636079510811,"SPN/ITGAM/LMAN2/NR3C1/HDAC2/BAX/BAK1/ITGB2/HSPA14/DNAJC2/PPID/AHSA1/FKBP4/TOMM34/TTC4/HSP90AB1/TFRC/CDK1",18
"GO:0003725","MF","GO:0003725","double-stranded RNA binding","13/734","147/30031",6.92313015940417e-05,0.00617789728133665,0.00552828856235918,"ACTN1/DDX60/DDX58/VIM/OAS3/STRBP/STAU1/HSPD1/OASL/DDX21/HSP90AB1/TFRC/SLC3A2",13
"GO:0035173","MF","GO:0035173","histone kinase activity","6/734","30/30031",7.51418968834878e-05,0.00617789728133665,0.00552828856235918,"PRKAA1/CHEK1/CDK2/CDK1/AURKB/AURKA",6
"GO:0016879","MF","GO:0016879","ligase activity, forming carbon-nitrogen bonds","9/734","74/30031",7.93734126081797e-05,0.00617789728133665,0.00552828856235918,"NAPRT/NADSYN1/PFAS/GART/CAD/CTPS1/MTHFD1L/PAICS/ASNS",9
"GO:0008238","MF","GO:0008238","exopeptidase activity","13/734","162/30031",0.000184870543827958,0.0125333260001353,0.0112154410504986,"DPP7/PRCP/TPP1/ERAP1/CTSZ/LNPEP/CTSA/METAP2/CTSC/ERMP1/DPP4/GGH/TFRC",13
"GO:0003697","MF","GO:0003697","single-stranded DNA binding","16/734","230/30031",0.00018786570021616,0.0125333260001353,0.0112154410504986,"SAMHD1/HMGB2/TOP1/LONP1/LRPPRC/REXO4/HSPD1/YBX1/BLM/MCM5/POLA1/MCM3/MCM7/MCM2/MCM4/MCM6",16
"GO:0017116","MF","GO:0017116","single-stranded DNA helicase activity","6/734","38/30031",0.000295935512967774,0.0184269179407934,0.0164893191085202,"MCM5/MCM3/MCM7/MCM2/MCM4/MCM6",6
"GO:0017166","MF","GO:0017166","vinculin binding","5/734","27/30031",0.000444413764676313,0.0259426535129798,0.0232147716548022,"ACTN1/PXN/UTRN/TLN1/CTNNA1",5
"GO:0008094","MF","GO:0008094","ATP-dependent activity, acting on DNA","14/734","202/30031",0.00048140651924933,0.0264413874107057,0.0236610634555397,"MYO18A/SMARCA2/CHD1/G3BP1/MSH6/BLM/MCM5/MCM3/ERCC6L/MCM7/MCM2/MCM4/MCM6/TOP2A",14
"GO:0016884","MF","GO:0016884","carbon-nitrogen ligase activity, with glutamine as amido-N-donor","4/734","16/30031",0.000509577059306963,0.0264413874107057,0.0236610634555397,"NADSYN1/PFAS/CAD/ASNS",4
"GO:0003688","MF","GO:0003688","DNA replication origin binding","5/734","29/30031",0.000627896856057087,0.0308660875556484,0.0276205043606275,"GRWD1/HSPD1/MCM5/POLA1/MCM2",5
"GO:0004197","MF","GO:0004197","cysteine-type endopeptidase activity","13/734","187/30031",0.000734994321681889,0.0343242348225442,0.0307150258639695,"CAPN2/CAPNS1/CAPN1/CASP1/CTSZ/CTSD/PYCARD/CASP4/CTSS/CTSC/USP36/CASP7/CASP3",13
"GO:0016874","MF","GO:0016874","ligase activity","17/734","289/30031",0.00083329291759082,0.036072906668189,0.0322798240668794,"NAPRT/AARSD1/NADSYN1/ACSL5/ACSS1/PFAS/GART/CAD/GARS1/CTPS1/ACACA/MTHFD1L/PAICS/ACSL4/LIG1/WARS1/ASNS",17
"GO:0016810","MF","GO:0016810","hydrolase activity, acting on carbon-nitrogen (but not peptide) bonds","14/734","214/30031",0.000849683026445566,0.036072906668189,0.0322798240668794,"ASAH1/AGA/CAT/DDAH2/HINT2/NADSYN1/RIDA/HDAC2/ADA/APOBEC3G/ADA2/CAD/ACY1/MTHFD2",14
"GO:0097153","MF","GO:0097153","cysteine-type endopeptidase activity involved in apoptotic process","5/734","32/30031",0.00100233236410302,0.0398422574499557,0.0356528258934575,"CASP1/PYCARD/CASP4/CASP7/CASP3",5
"GO:0008239","MF","GO:0008239","dipeptidyl-peptidase activity","4/734","19/30031",0.00102378391734361,0.0398422574499557,0.0356528258934575,"DPP7/PRCP/CTSC/DPP4",4
